,city,country,lat,lon,date,humidity,clouds,wind,max_temp
0,asyut,EG,27.18,27.18,1535216400,46,0,13.87,93.2
1,najran,SA,17.54,17.54,1535216400,13,40,4.7,95.0
2,puerto ayora,EC,-0.74,-0.74,1535216400,65,75,17.22,77.0
3,port alfred,ZA,-33.59,-33.59,1535219917,98,0,5.73,62.95
4,ostrovnoy,RU,68.05,68.05,1535219917,65,56,24.18,64.48
5,pavlivka,UA,48.13,48.13,1535219917,29,0,8.75,68.08
6,kralendijk,BQ,12.15,12.15,1535216100,59,40,20.8,89.6
7,mahebourg,MU,-20.41,-20.41,1535216400,69,75,12.75,73.4
8,ushuaia,AR,-54.81,-54.81,1535216400,48,40,8.05,44.6
9,hermanus,ZA,-34.42,-34.42,1535219918,100,92,14.79,51.7
10,pangnirtung,CA,66.15,66.15,1535216400,81,75,12.75,44.6
11,rorvik,NO,64.86,64.86,1535219919,100,92,10.65,50.98
12,port elizabeth,US,39.31,39.31,1535216160,56,20,5.82,79.7
13,tecoanapa,MX,16.99,16.99,1535215440,74,40,4.7,86.0
14,busselton,AU,-33.64,-33.64,1535219478,100,64,6.17,52.96
15,jamestown,AU,-33.21,-33.21,1535219716,77,0,2.37,34.33
16,hovd,NO,63.83,63.83,1535217600,76,75,8.05,53.6
17,east london,ZA,-33.02,-33.02,1535216400,63,0,6.93,62.6
18,hobart,AU,-42.88,-42.88,1535218200,70,0,10.29,46.4
19,saint-philippe,CA,45.36,45.36,1535218500,53,40,5.82,84.2
20,carballo,ES,43.21,43.21,1535218200,68,20,9.17,68.0
21,tevriz,RU,57.51,57.51,1535219921,88,56,8.52,60.52
22,tual,ID,-5.67,-5.67,1535219921,100,88,7.96,78.7
23,albany,US,42.65,42.65,1535216100,55,75,8.05,80.6
24,rikitea,PF,-23.12,-23.12,1535219922,100,0,14.0,72.22
25,ixtapa,MX,20.71,20.71,1535215500,74,40,2.15,86.0
26,tuktoyaktuk,CA,69.44,69.44,1535216400,87,40,5.82,46.4
27,samborondon,EC,-2.27,-2.27,1535216400,65,90,3.36,77.0
28,bonavista,CA,48.65,48.65,1535219686,65,0,9.42,74.11
29,hilo,US,19.71,19.71,1535215980,93,75,6.93,73.04
30,simpang,MY,4.82,4.82,1535216400,69,75,5.82,80.6
31,arraial do cabo,BR,-22.97,-22.97,1535220000,65,75,16.11,77.0
32,barrow,AR,-38.31,-38.31,1535219924,52,0,9.42,53.68
33,esperance,TT,10.24,10.24,1535216400,74,75,13.87,87.8
34,ilulissat,GL,69.22,69.22,1535215800,87,75,11.41,42.8
35,norman wells,CA,65.28,65.28,1535216400,100,90,4.7,48.2
36,tigil,RU,57.8,57.8,1535219925,97,92,6.73,52.33
37,terney,RU,45.05,45.05,1535219925,100,80,10.65,59.35
38,bay roberts,CA,47.58,47.58,1535216400,57,90,12.75,77.0
39,hithadhoo,MV,-0.6,-0.6,1535219926,100,68,5.95,79.78
40,margate,AU,-43.03,-43.03,1535218200,70,0,10.29,46.4
41,egvekinot,RU,66.32,66.32,1535219926,100,92,2.59,39.91
42,nabire,ID,-3.36,-3.36,1535219458,98,80,1.92,66.82
43,georgetown,GY,6.8,6.8,1535216400,59,75,11.41,89.6
44,homer,US,59.64,59.64,1535215980,86,90,4.61,53.96
45,khatanga,RU,71.98,71.98,1535219927,77,20,11.1,49.45
46,sampit,ID,-2.54,-2.54,1535219928,87,88,4.72,77.26
47,madison,US,43.07,43.07,1535218500,69,20,5.5,80.06
48,saldanha,PT,41.42,41.42,1535219928,29,0,3.6,81.4
49,rondonopolis,BR,-16.46,-16.46,1535219928,51,80,7.07,87.43
50,clinton,US,41.84,41.84,1535218620,74,1,4.7,84.02
51,berlevag,NO,70.86,70.86,1535219929,93,44,8.75,53.95
52,broome,GB,52.47,52.47,1535217600,63,20,5.82,63.14
53,tuatapere,NZ,-46.13,-46.13,1535219930,94,0,19.71,49.72
54,nanortalik,GL,60.14,60.14,1535219930,99,64,14.0,42.25
55,faanui,PF,-16.48,-16.48,1535219931,99,88,9.08,79.96
56,bundaberg,AU,-24.87,-24.87,1535219931,100,64,8.97,64.93
57,komsomolskiy,RU,67.55,67.55,1535219931,70,0,5.5,45.13
58,krasnorechenskiy,RU,44.63,44.63,1535219932,97,80,2.15,55.57
59,bluff,AU,-23.58,-23.58,1535219932,95,68,7.18,59.89
60,marsh harbour,BS,26.54,26.54,1535219493,95,0,12.77,85.81
61,ketchikan,US,55.34,55.34,1535216160,80,90,13.87,59.0
62,hualmay,PE,-11.1,-11.1,1535219449,67,24,5.5,68.98
63,helena,US,46.59,46.59,1535219580,40,1,4.7,66.92
64,amapa,HN,15.09,15.09,1535220000,55,40,3.36,89.6
65,cape town,ZA,-33.93,-33.93,1535217000,93,90,18.34,51.8
66,zaykovo,RU,57.56,57.56,1535219933,90,48,10.2,61.42
67,qaanaaq,GL,77.48,77.48,1535219934,92,0,4.16,37.84
68,tiksi,RU,71.64,71.64,1535219934,100,0,6.4,38.38
69,cockburn town,TC,21.46,21.46,1535219934,94,80,18.7,84.37
70,kapaa,US,22.08,22.08,1535215980,90,90,19.46,78.98
71,yellowknife,CA,62.45,62.45,1535216400,66,75,11.41,53.6
72,san patricio,PY,-26.98,-26.98,1535219935,58,0,5.5,60.34
73,butaritari,KI,3.07,3.07,1535219444,100,0,3.15,84.1
74,gat,SN,14.69,14.69,1535219328,61,12,12.44,88.51
75,mataura,NZ,-46.19,-46.19,1535219936,92,0,9.08,37.39
76,bambous virieux,MU,-20.34,-20.34,1535216400,69,75,12.75,73.4
77,avarua,CK,-21.21,-21.21,1535216400,88,20,4.7,69.8
78,carayao,PY,-25.18,-25.18,1535219937,48,0,8.75,63.4
79,faya,SA,18.39,18.39,1535216400,53,20,5.82,78.8
80,la ronge,CA,55.1,55.1,1535216400,81,90,6.93,48.2
81,vaini,IN,15.34,15.34,1535219938,98,92,5.73,67.63
82,punta arenas,CL,-53.16,-53.16,1535216400,56,75,12.75,44.6
83,batemans bay,AU,-35.71,-35.71,1535219938,100,44,3.15,45.67
84,aklavik,CA,68.22,68.22,1535216400,81,75,4.7,48.2
85,tautira,PF,-17.73,-17.73,1535218200,69,20,3.36,78.8
86,meulaboh,ID,4.14,4.14,1535219447,100,24,2.59,79.51
87,eureka,US,40.8,40.8,1535218500,72,1,5.82,62.6
88,nantucket,US,41.28,41.28,1535217300,47,1,8.05,77.0
89,longyearbyen,NO,78.22,78.22,1535215800,64,75,21.92,39.2
90,kodiak,US,39.95,39.95,1535219580,61,1,11.41,89.06
91,farafangana,MG,-22.82,-22.82,1535219940,96,0,9.08,72.13
92,sandviken,SE,60.62,60.62,1535219941,74,88,7.63,56.92
93,husavik,CA,50.56,50.56,1535219336,90,0,13.22,67.18
94,bilma,NE,18.69,18.69,1535219450,27,32,8.52,95.53
95,neftcala,AZ,39.37,39.37,1535219941,86,0,5.06,73.3
96,saint george,GR,39.45,39.45,1535217600,65,40,5.82,80.6
97,cap malheureux,MU,-19.98,-19.98,1535216400,69,75,12.75,73.4
98,chapais,CA,49.78,49.78,1535216400,64,75,4.7,71.6
99,chokurdakh,RU,70.62,70.62,1535219943,93,88,5.17,39.28
100,tromso,NO,69.65,69.65,1535217600,87,75,18.34,51.8
101,porto belo,BR,-27.15,-27.15,1535216400,40,0,19.46,69.8
102,yeniseysk,RU,58.45,58.45,1535219943,96,8,2.59,50.71
103,torbay,CA,47.66,47.66,1535216400,57,90,12.75,77.0
104,luderitz,NA,-26.65,-26.65,1535219944,94,0,2.15,53.5
105,kissidougou,GN,9.19,9.19,1535219944,100,92,8.08,72.22
106,atar,MR,20.52,20.52,1535219945,11,0,8.52,108.76
107,galbshtadt,RU,53.23,53.23,1535219945,94,68,8.08,57.1
108,chuy,UY,-33.69,-33.69,1535219945,78,0,28.32,53.05
109,nikolskoye,RU,59.7,59.7,1535216400,77,75,6.71,68.0
110,westport,IE,53.8,53.8,1535218200,62,90,6.93,57.2
111,kieta,PG,-6.22,-6.22,1535219946,98,12,1.7,76.09
112,lagoa,PT,37.14,37.14,1535218200,61,0,5.82,82.4
113,tasiilaq,GL,65.61,65.61,1535215800,100,75,9.17,42.8
114,palmas de monte alto,BR,-14.26,-14.26,1535219947,29,0,9.64,90.49
115,bodden town,KY,19.28,19.28,1535216400,70,40,10.29,87.8
116,kavaratti,IN,10.57,10.57,1535219948,95,32,12.66,82.66
117,chebsara,RU,59.2,59.2,1535219948,66,0,7.18,62.05
118,umm kaddadah,SD,13.6,13.6,1535219948,48,64,9.75,84.73
119,kuna,US,43.49,43.49,1535218500,32,1,6.93,70.7
120,basco,US,40.33,40.33,1535218500,62,1,13.87,89.6
121,mundra,IN,22.84,22.84,1535219949,95,92,15.12,78.7
122,salalah,OM,17.01,17.01,1535215800,100,90,4.7,75.2
123,pacific grove,US,36.62,36.62,1535218500,80,40,3.36,60.8
124,airai,TL,-8.93,-8.93,1535219950,95,24,2.04,66.55
125,ahipara,NZ,-35.17,-35.17,1535219950,93,80,10.98,54.94
126,praia,BR,-20.25,-20.25,1535216400,37,40,8.05,82.4
127,boyle,IE,53.97,53.97,1535218200,62,90,6.93,57.2
128,leningradskiy,RU,69.38,69.38,1535219951,100,92,11.21,36.67
129,pevek,RU,69.7,69.7,1535219952,100,92,9.98,35.59
130,touros,BR,-5.2,-5.2,1535219953,73,68,20.71,82.48
131,banes,CU,20.96,20.96,1535215800,55,40,14.99,89.6
132,honningsvag,NO,70.98,70.98,1535219953,98,92,1.7,51.43
133,ust-kuyga,RU,70.0,70.0,1535219953,84,0,2.59,29.83
134,provideniya,RU,64.42,64.42,1535219954,100,80,10.42,45.76
135,broken hill,AU,-31.97,-31.97,1535219467,89,0,6.73,41.26
136,kanniyakumari,IN,8.08,8.08,1535219954,96,48,20.27,78.25
137,sitka,US,37.17,37.17,1535219471,65,0,11.1,85.72
138,likasi,CD,-10.99,-10.99,1535219955,39,0,9.53,71.77
139,victoria,BN,5.28,5.28,1535218200,88,75,1.12,82.4
140,belyy yar,RU,53.6,53.6,1535216400,82,0,4.47,64.4
141,ligayan,PH,4.65,4.65,1535219955,100,80,7.96,83.02
142,ponta do sol,BR,-20.63,-20.63,1535219956,51,32,5.06,80.95
143,bredasdorp,ZA,-34.53,-34.53,1535216400,45,92,16.11,62.6
144,zalari,RU,53.57,53.57,1535219956,90,0,8.19,54.13
145,atuona,PF,-9.8,-9.8,1535219956,100,56,21.05,79.24
146,katsuura,JP,33.93,33.93,1535219957,90,0,4.94,75.73
147,skjervoy,NO,70.03,70.03,1535219531,100,100,4.16,51.52
148,new norfolk,AU,-42.78,-42.78,1535218200,70,0,10.29,46.4
149,saskylakh,RU,71.97,71.97,1535219957,89,0,3.71,41.26
150,karratha,AU,-20.74,-20.74,1535219957,79,0,3.6,47.56
151,deputatskiy,RU,69.3,69.3,1535219958,86,8,2.48,25.6
152,coahuayana,MX,18.62,18.62,1535219495,78,36,3.04,75.37
153,kaeo,NZ,-35.1,-35.1,1535219958,99,56,6.17,49.27
154,lazaro cardenas,MX,28.39,28.39,1535215200,47,40,0.36,78.8
155,smithers,CA,54.78,54.78,1535216400,76,75,8.05,55.4
156,bosaso,SO,11.28,11.28,1535219959,88,24,4.72,86.89
157,znamenskoye,RU,57.13,57.13,1535219959,97,88,14.12,59.62
158,mont-de-marsan,FR,43.89,43.89,1535218200,68,0,2.24,71.6
159,sola,NO,58.89,58.89,1535217600,76,40,12.75,55.4
160,nizwa,OM,22.93,22.93,1535219960,24,8,3.49,79.42
161,souillac,FR,45.6,45.6,1535218200,63,90,9.17,66.2
162,onega,RU,63.91,63.91,1535219961,69,48,12.66,65.92
163,windhoek,NA,-22.57,-22.57,1535220000,6,0,7.18,66.2
164,lundazi,ZM,-12.29,-12.29,1535219961,44,0,15.23,68.26
165,gizo,IL,31.8,31.8,1535217600,65,40,6.93,82.4
166,dingle,PH,11.0,11.0,1535219962,84,88,6.17,78.52
167,sobolevo,RU,54.43,54.43,1535219962,63,0,7.96,62.95
168,alyangula,AU,-13.85,-13.85,1535219517,100,8,8.75,73.93
169,maragogi,BR,-9.01,-9.01,1535219369,84,92,13.78,77.71
170,port-gentil,GA,-0.72,-0.72,1535216400,74,20,12.75,80.6
171,katobu,ID,-4.94,-4.94,1535219963,98,0,5.61,77.8
172,linjiang,CN,41.81,41.81,1535219963,95,92,7.52,58.0
173,dikson,RU,73.51,73.51,1535219963,100,64,11.54,48.1
174,cayenne,GF,4.94,4.94,1535216400,59,0,11.41,89.6
175,san cristobal,EC,-0.39,-0.39,1535216400,34,75,18.34,64.4
176,kayes,ML,14.44,14.44,1535219526,56,12,4.16,94.72
177,harsany,HU,47.97,47.97,1535219964,62,8,6.62,74.56
178,goure,NE,13.98,13.98,1535219965,65,68,6.96,81.22
179,raton,US,36.9,36.9,1535219580,36,1,12.75,82.04
180,auki,NG,12.18,12.18,1535219965,91,76,8.63,74.02
181,linqing,CN,36.85,36.85,1535219966,72,0,9.53,73.57
182,aswan,EG,24.09,24.09,1535216400,12,0,5.82,102.2
183,fort nelson,CA,58.81,58.81,1535216400,93,90,4.7,50.0
184,belmonte,PT,40.36,40.36,1535219717,27,0,3.38,82.93
185,jablah,SY,35.36,35.36,1535216400,74,40,9.17,82.4
186,port hardy,CA,50.7,50.7,1535216400,100,90,3.36,55.4
187,barra do garcas,BR,-15.89,-15.89,1535219967,31,64,1.36,93.46
188,hargeysa,SO,9.56,9.56,1535219967,81,48,13.11,65.38
189,menongue,AO,-14.66,-14.66,1535219968,24,68,4.72,76.63
190,cabo san lucas,MX,22.89,22.89,1535215500,66,5,3.36,89.6
191,upernavik,GL,72.79,72.79,1535219968,96,92,27.09,40.18
192,mount gambier,AU,-37.83,-37.83,1535219969,93,88,3.49,44.5
193,haines junction,CA,60.75,60.75,1535219969,62,0,2.59,47.29
194,krasnoarmeysk,RU,56.12,56.12,1535216400,40,0,6.71,73.4
195,mto wa mbu,TZ,-3.38,-3.38,1535219969,70,76,11.1,70.42
196,vardo,US,39.62,39.62,1535219220,42,40,6.93,82.4
197,rawson,AR,-43.3,-43.3,1535219970,32,0,13.22,63.13
198,ancud,CL,-41.87,-41.87,1535219970,100,92,5.61,51.97
199,narsaq,GL,60.91,60.91,1535215800,61,75,12.75,48.2
200,ocos,GT,14.51,14.51,1535216400,66,40,6.93,86.0
201,constitucion,MX,23.99,23.99,1535215200,49,5,3.36,71.6
202,ribeira grande,PT,38.52,38.52,1535218200,61,20,10.29,78.8
203,tanabe,JP,33.73,33.73,1535219972,97,100,5.5,77.98
204,arenapolis,BR,-14.45,-14.45,1535219972,78,36,10.76,75.28
205,castro,CL,-42.48,-42.48,1535219972,99,92,5.5,51.52
206,bubaque,GW,11.28,11.28,1535216400,66,40,9.17,87.8
207,mitu,IR,36.2,36.2,1535219973,63,0,1.14,65.47
208,bethel,US,60.79,60.79,1535219717,99,92,9.98,50.26
209,biak,ID,-0.91,-0.91,1535219974,99,92,3.38,76.27
210,flin flon,CA,54.77,54.77,1535216400,87,90,8.05,48.2
211,baton rouge,US,30.45,30.45,1535215980,53,20,5.82,89.06
212,alofi,NU,-19.06,-19.06,1535216400,94,68,8.05,71.6
213,northam,GB,51.04,51.04,1535217600,48,20,10.29,62.6
214,henties bay,NA,-22.12,-22.12,1535219976,99,0,12.66,55.48
215,tumarbong,PH,10.38,10.38,1535219976,100,8,10.42,81.85
216,cao bang,VN,22.67,22.67,1535219976,95,8,2.59,67.72
217,jumla,NP,29.28,29.28,1535219976,91,92,2.71,38.38
218,bata,GQ,1.87,1.87,1535216400,83,40,9.17,80.6
219,saint-augustin,FR,44.83,44.83,1535218200,68,90,6.93,68.0
220,ust-nera,RU,64.57,64.57,1535219977,94,76,2.04,42.43
221,myanaung,MM,18.28,18.28,1535219978,100,92,10.54,75.28
222,samarai,PG,-10.62,-10.62,1535219978,100,100,14.0,75.73
223,vostok,RU,46.45,46.45,1535219979,100,92,2.37,51.88
224,arona,IT,45.76,45.76,1535217600,56,75,5.82,71.6
225,shimoda,JP,34.7,34.7,1535219979,93,0,13.78,79.6
226,necochea,AR,-38.55,-38.55,1535219979,74,0,12.55,51.61
227,bandarbeyla,SO,9.49,9.49,1535219980,89,0,37.27,76.99
228,hamilton,BM,32.3,32.3,1535216100,70,40,8.05,86.0
229,soe,EE,57.91,57.91,1535215800,82,90,5.82,60.8
230,caceres,CO,5.53,5.53,1535219981,60,0,2.15,81.85
231,apatity,RU,67.57,67.57,1535219981,89,92,9.08,59.26
232,litovko,RU,49.24,49.24,1535219981,85,92,2.37,63.31
233,kalmunai,LK,7.42,7.42,1535219982,98,48,3.04,74.65
234,honiara,SB,-9.43,-9.43,1535216400,100,20,53.02,73.4
235,simao,CN,22.76,22.76,1535219982,98,88,0.69,66.82
236,vanimo,PG,-2.67,-2.67,1535219983,100,76,6.17,77.44
237,stenlille,DK,55.79,55.79,1535217600,87,92,3.36,53.6
238,mar del plata,AR,-46.43,-46.43,1535219869,45,24,18.59,62.05
239,lompoc,US,34.64,34.64,1535218740,77,90,4.7,69.08
240,vila velha,BR,-3.71,-3.71,1535220000,62,0,16.11,86.0
241,ossora,RU,59.24,59.24,1535219479,100,24,3.6,44.41
242,los llanos de aridane,ES,28.66,28.66,1535218200,78,40,8.05,75.2
243,puerto escondido,MX,15.86,15.86,1535215500,70,40,8.05,84.2
244,morgan city,US,29.7,29.7,1535216160,74,75,8.05,89.6
245,sambava,MG,-14.27,-14.27,1535219985,100,64,19.82,73.75
246,sergokala,RU,42.45,42.45,1535216400,73,40,13.42,75.2
247,balabac,PH,7.99,7.99,1535219986,100,64,7.52,84.82
248,severo-kurilsk,RU,50.68,50.68,1535219986,100,64,5.17,47.83
249,lucea,JM,18.44,18.44,1535216400,62,20,18.34,89.6
250,storforshei,NO,66.4,66.4,1535219986,100,92,2.71,40.72
251,high level,CA,58.52,58.52,1535216400,81,75,14.99,44.6
252,shambu,ET,9.57,9.57,1535219987,95,56,1.92,57.91
253,mana,RS,43.52,43.52,1535218200,88,40,1.12,69.8
254,inta,RU,66.04,66.04,1535219987,91,0,2.59,44.23
255,bayburt,TR,40.26,40.26,1535219988,66,0,2.48,57.73
256,emba,CY,34.81,34.81,1535218200,74,40,10.29,80.6
257,ushtobe,KZ,45.25,45.25,1535219988,55,24,3.71,58.9
258,saint-louis,CH,47.59,47.59,1535218200,82,75,5.82,57.2
259,guerrero negro,MX,27.97,27.97,1535219989,63,0,8.41,79.6
260,balakliya,UA,49.46,49.46,1535218200,24,0,11.18,71.6
261,roald,NO,62.58,62.58,1535217600,81,40,9.17,51.8
262,ngozi,BI,-2.91,-2.91,1535219990,95,88,2.48,60.7
263,lebu,ET,8.96,8.96,1535216400,87,75,4.7,59.0
264,karakol,KG,42.49,42.49,1535219991,100,0,2.04,38.02
265,halifax,CA,44.65,44.65,1535216400,53,5,6.93,77.0
266,songea,TZ,-10.68,-10.68,1535219991,67,8,4.16,65.83
267,manyana,AU,-35.26,-35.26,1535216400,100,40,8.05,48.2
268,wilmington island,US,32.0,32.0,1535218740,67,75,8.05,86.0
269,gvarv,NO,59.39,59.39,1535217600,58,20,11.41,59.0
270,sao joao da barra,BR,-21.64,-21.64,1535216400,54,20,4.7,82.4
271,sioux lookout,CA,50.1,50.1,1535216400,82,90,6.93,69.8
272,zambrow,PL,52.99,52.99,1535219993,90,44,4.94,59.35
273,syasstroy,RU,60.14,60.14,1535219993,60,48,9.98,73.3
274,puerto madryn,AR,-42.77,-42.77,1535219536,55,0,8.97,58.09
275,carnarvon,ZA,-30.97,-30.97,1535219994,39,0,15.79,49.63
276,orange cove,US,36.62,36.62,1535218500,41,1,4.7,78.8
277,anadyr,RU,64.73,64.73,1535216400,93,90,8.95,46.4
278,college,US,64.86,64.86,1535217480,93,90,5.61,48.92
279,geraldton,CA,49.72,49.72,1535216400,88,90,5.82,64.4
280,benghazi,LY,32.12,32.12,1535218200,69,40,13.87,82.4
281,maldonado,UY,-34.91,-34.91,1535216400,53,75,26.4,51.8
282,sinegorye,RU,62.09,62.09,1535219996,95,92,2.37,39.73
283,rovaniemi,FI,66.5,66.5,1535217600,76,75,18.34,55.4
284,kozhevnikovo,RU,56.26,56.26,1535219996,74,20,7.63,62.41
285,kwinana,AU,-32.25,-32.25,1535218200,100,12,1.12,46.4
286,zyukayka,RU,58.2,58.2,1535219996,91,0,7.63,54.49
287,ukiah,US,39.15,39.15,1535216160,60,1,1.36,64.94
288,cururupu,BR,-1.82,-1.82,1535219997,69,36,11.43,84.28
289,kobryn,BY,52.21,52.21,1535219997,96,68,4.16,66.1
290,yebaishou,CN,41.4,41.4,1535219997,84,68,4.38,61.42
291,glace bay,CA,46.2,46.2,1535216400,54,75,12.75,80.6
292,cidreira,BR,-30.17,-30.17,1535219998,72,0,23.29,56.83
293,kaitangata,NZ,-46.28,-46.28,1535219998,73,0,19.6,47.11
294,eidfjord,NO,60.47,60.47,1535219999,82,36,2.48,39.73
295,williston,US,48.15,48.15,1535219700,66,75,3.36,59.0
296,pachino,IT,36.72,36.72,1535215800,65,20,10.29,78.8
297,sisophon,KH,13.59,13.59,1535220000,79,92,8.97,79.33
298,nanakuli,US,21.39,21.39,1535216100,88,90,6.93,77.0
299,portadown,GB,54.42,54.42,1535217600,67,40,3.36,59.0
300,sidney,US,47.72,47.72,1535219700,66,75,3.36,59.0
301,hervey bay,AU,-25.3,-25.3,1535219956,93,92,12.66,66.1
302,pytalovo,RU,57.06,57.06,1535220057,89,92,4.61,65.92
303,magaria,NE,13.0,13.0,1535220004,66,36,10.09,81.85
304,klaksvik,FO,62.23,62.23,1535217600,81,44,2.24,48.2
305,radviliskis,LT,55.82,55.82,1535217600,100,75,2.24,57.2
306,sungairaya,ID,0.7,0.7,1535220006,97,68,2.37,74.92
307,adrar,DZ,27.87,27.87,1535216400,12,0,14.99,105.8
308,nioro,GM,13.79,13.79,1535220008,89,44,8.52,84.19
309,itarema,BR,-2.92,-2.92,1535219463,53,0,15.12,91.03
310,vila franca do campo,PT,37.72,37.72,1535218200,60,40,11.41,75.2
311,srednekolymsk,RU,67.46,67.46,1535219464,87,80,5.61,38.92
312,buchanan,LR,5.88,5.88,1535216400,100,90,9.19,75.2
313,borovichi,RU,58.39,58.39,1535220065,56,0,11.99,68.8
314,sao filipe,CV,14.9,14.9,1535220011,89,0,4.94,81.94
315,bontang,ID,0.12,0.12,1535220066,100,32,3.49,80.14
316,vaitape,PF,-16.52,-16.52,1535220067,98,76,6.73,79.6
317,uniontown,US,39.9,39.9,1535218800,63,1,4.7,75.92
318,marrakesh,MA,31.63,31.63,1535218200,17,20,6.93,100.4
319,shakiso,ET,5.77,5.77,1535220014,100,92,2.48,57.1
320,chernyshevskiy,RU,63.01,63.01,1535220015,90,80,2.48,51.43
321,calamba,PH,14.21,14.21,1535216400,100,90,4.7,82.4
322,chateaubelair,VC,13.28,13.28,1535216400,62,75,8.05,87.8
323,aksu,KZ,52.04,52.04,1535216400,76,0,6.71,55.4
324,dobele,LV,56.63,56.63,1535217600,100,0,3.36,59.0
325,beringovskiy,RU,63.05,63.05,1535219320,100,92,5.73,48.64
326,port keats,AU,-14.25,-14.25,1535220018,76,0,5.73,63.13
327,sept-iles,CA,50.2,50.2,1535216400,60,75,11.41,71.6
328,sinnamary,GF,5.38,5.38,1535219445,89,24,10.65,83.92
329,shaowu,CN,27.34,27.34,1535220018,94,44,1.92,72.31
330,namtsy,RU,62.72,62.72,1535220074,95,8,1.92,50.26
331,brae,GB,60.4,60.4,1535217600,71,88,8.05,51.8
332,caravelas,BR,-17.73,-17.73,1535219440,100,0,12.1,76.45
333,astoria,US,46.19,46.19,1535216100,83,90,4.7,60.08
334,mareeba,AU,-16.99,-16.99,1535218200,93,20,4.7,64.4
335,altea,ES,38.6,38.6,1535218200,65,0,8.05,82.4
336,rio grande city,US,26.38,26.38,1535217300,44,40,10.29,96.08
337,koumac,NC,-20.56,-20.56,1535220077,84,92,8.41,68.98
338,avera,US,33.19,33.19,1535218500,52,75,5.82,87.8
339,sorong,ID,-0.86,-0.86,1535220024,100,76,10.54,78.07
340,angoche,MZ,-16.23,-16.23,1535220025,100,0,8.52,76.72
341,lavras,BR,-21.24,-21.24,1535220080,63,32,5.61,76.09
342,lysa hora,UA,51.6,51.6,1535220026,42,0,7.96,67.36
343,asbe teferi,ET,9.08,9.08,1535220027,88,56,2.37,61.69
344,pyrzyce,PL,53.15,53.15,1535218200,93,20,6.93,57.2
345,namibe,AO,-15.19,-15.19,1535220029,100,0,11.1,64.66
346,soyo,AO,-6.13,-6.13,1535219358,65,0,6.4,76.36
347,las palmas,PE,-6.53,-6.53,1535216400,290,20,3.36,62.6
348,lata,IN,30.78,30.78,1535220030,100,68,1.59,58.63
349,kisangani,CD,0.52,0.52,1535220085,95,20,1.92,73.39
350,sukhaya buyvola,RU,45.15,45.15,1535216400,53,0,11.18,71.6
351,poya,NC,-21.35,-21.35,1535220031,100,76,10.09,69.25
352,dicabisagan,PH,17.08,17.08,1535219473,100,92,13.78,77.98
353,cairns,AU,-16.92,-16.92,1535218200,93,20,4.7,64.4
354,maceio,BR,-9.67,-9.67,1535220000,65,40,14.99,80.6
355,nacala,MZ,-14.56,-14.56,1535220032,92,0,7.63,76.63
356,lyuban,BY,52.8,52.8,1535220033,48,12,11.65,73.03
357,iqaluit,CA,63.75,63.75,1535218140,87,75,3.36,42.8
358,isabela,PH,10.2,10.2,1535219494,97,44,2.04,73.03
359,thompson,CA,55.74,55.74,1535216400,100,90,10.29,44.6
360,waipawa,NZ,-39.94,-39.94,1535219460,78,0,3.94,29.56
361,lokoja,NG,7.8,7.8,1535220035,93,80,4.05,75.73
362,kazachinskoye,RU,57.69,57.69,1535220035,92,0,2.71,52.42
363,ibra,OM,22.69,22.69,1535220035,55,48,1.7,81.58
364,kajaani,FI,64.22,64.22,1535217600,67,0,3.36,60.8
365,coihaique,CL,-45.58,-45.58,1535216400,93,90,3.36,50.0
366,ordzhonikidze,UA,44.96,44.96,1535220036,82,0,6.96,75.82
367,pandan,PH,11.72,11.72,1535220037,97,64,17.13,83.65
368,kahului,US,20.89,20.89,1535216160,100,90,12.21,77.0
369,sorland,NO,67.67,67.67,1535220037,100,92,18.03,52.69
370,veraval,FR,49.65,49.65,1535218200,51,40,9.17,60.8
371,fortuna,ES,38.18,38.18,1535218200,65,0,8.05,89.6
372,paamiut,GL,61.99,61.99,1535220038,95,32,14.67,43.87
373,mpongwe,ZM,-13.51,-13.51,1535220039,33,0,9.64,69.7
374,asosa,ET,10.07,10.07,1535220039,87,88,2.59,68.35
375,magdagachi,RU,53.45,53.45,1535220040,91,32,2.37,61.6
376,chicama,PE,-7.84,-7.84,1535216400,77,90,10.29,66.2
377,bezenchuk,RU,52.99,52.99,1535220040,63,0,7.52,61.96
378,presidencia roque saenz pena,AR,-26.79,-26.79,1535220041,39,0,8.75,65.56
379,plotnikovo,RU,55.04,55.04,1535216400,93,90,6.71,57.2
380,labuhan,ID,-2.54,-2.54,1535220042,99,36,2.04,72.13
381,yunhe,CN,28.12,28.12,1535220042,99,92,1.92,71.5
382,huanan,CN,46.24,46.24,1535220043,99,92,8.08,60.16
383,langsa,ID,4.47,4.47,1535219755,93,64,2.37,70.51
384,comodoro rivadavia,AR,-45.87,-45.87,1535216400,41,75,19.46,60.8
385,moerai,PF,-22.43,-22.43,1535220043,96,24,13.67,75.1
386,awjilah,LY,29.14,29.14,1535220044,31,0,9.64,93.82
387,huzhou,CN,30.86,30.86,1535220044,95,92,6.96,77.26
388,tela,HN,15.78,15.78,1535220000,55,40,3.36,89.6
389,perene,PE,-10.95,-10.95,1535220045,70,20,1.48,75.82
390,eyl,SO,7.98,7.98,1535219750,67,8,23.62,79.33
391,mersing,MY,2.43,2.43,1535219482,98,44,5.17,75.19
392,pisco,PE,-13.71,-13.71,1535216400,30,75,10.29,71.6
393,banda aceh,ID,5.56,5.56,1535220046,82,88,5.5,78.25
394,san quintin,PH,17.54,17.54,1535220046,94,92,5.39,70.69
395,ouricuri,BR,-7.88,-7.88,1535220046,28,0,12.44,89.86
396,clyde river,CA,70.47,70.47,1535216400,86,75,23.04,39.2
397,dwarka,IN,28.58,28.58,1535218200,70,40,6.93,86.0
398,namuac,PH,18.61,18.61,1535220047,92,88,8.75,79.78
399,carnot,CF,4.94,4.94,1535220047,93,0,2.15,72.13
400,la roda,ES,39.21,39.21,1535216400,15,0,8.05,93.2
401,peleduy,RU,59.63,59.63,1535220049,100,92,2.71,52.96
402,vestmannaeyjar,IS,63.44,63.44,1535216400,81,40,6.93,51.8
403,makakilo city,US,21.35,21.35,1535216100,87,90,6.93,77.0
404,adeje,NG,5.68,5.68,1535220050,89,88,6.73,77.17
405,palmer,AU,-34.85,-34.85,1535218200,75,0,3.36,42.8
406,linhares,BR,-19.38,-19.38,1535220051,56,0,9.64,83.29
407,brownwood,US,31.71,31.71,1535217300,40,1,11.41,90.32
408,nemuro,JP,43.32,43.32,1535220052,100,100,15.46,59.44
409,moses lake,US,47.13,47.13,1535215980,53,1,6.93,62.96
410,blairmore,CA,49.61,49.61,1535217240,62,90,10.29,59.0
411,bangui,CF,4.39,4.39,1535216400,83,20,4.38,82.4
412,nome,US,30.04,30.04,1535217300,46,40,4.7,93.02
413,laguna,MX,27.52,27.52,1535215560,49,20,2.24,91.4
414,bilibino,RU,68.06,68.06,1535220054,96,92,2.48,33.43
415,vanavara,RU,60.35,60.35,1535219511,99,20,2.37,54.04
416,sumbe,AO,-11.2,-11.2,1535220055,96,20,8.97,71.5
417,aripuana,BR,-9.17,-9.17,1535220056,86,92,4.05,75.55
418,buala,SB,-8.15,-8.15,1535219479,100,92,6.17,78.52
419,mandalay,MM,21.98,21.98,1535220056,98,92,6.17,75.82
420,atkinson,US,41.42,41.42,1535218500,70,75,5.82,86.0
421,lexington,US,38.05,38.05,1535218500,61,40,8.05,82.4
422,guymon,US,36.68,36.68,1535218500,40,1,4.7,93.2
423,caluquembe,AO,-13.78,-13.78,1535220057,29,68,3.71,73.21
424,mbaiki,CF,3.87,3.87,1535220058,82,12,2.59,76.36
425,pochutla,MX,15.74,15.74,1535215680,62,75,8.05,86.0
426,university park,US,32.86,32.86,1535217300,56,1,12.75,91.4
427,hobyo,SO,5.35,5.35,1535220059,72,0,20.71,75.46
428,jizan,SA,16.89,16.89,1535216400,63,40,11.41,93.2
429,alice springs,AU,-23.7,-23.7,1535218200,56,0,5.82,42.8
430,khandbari,NP,27.38,27.38,1535220060,65,92,1.48,45.85
431,oyek,RU,52.59,52.59,1535216400,93,0,4.47,51.8
432,codrington,AU,-28.95,-28.95,1535220060,91,92,1.92,48.37
433,songkhla,TH,7.2,7.2,1535218200,94,20,1.59,77.0
434,paragould,US,36.06,36.06,1535218500,74,1,8.05,87.08
435,cherskiy,RU,68.75,68.75,1535220061,100,88,7.52,34.96
436,kruisfontein,ZA,-34.0,-34.0,1535220061,100,0,1.59,55.3
437,takoradi,GH,4.89,4.89,1535220062,93,64,9.42,76.27
438,tura,IN,25.52,25.52,1535220062,93,56,2.48,79.87
439,lorengau,PG,-2.02,-2.02,1535220062,100,20,2.04,79.96
440,kidal,ML,18.44,18.44,1535220063,75,64,4.05,78.7
441,pizhma,RU,57.86,57.86,1535220063,90,0,3.94,54.67
442,vesoul,FR,47.62,47.62,1535218200,82,92,3.36,59.0
443,huanren,CN,41.26,41.26,1535220064,94,8,3.94,58.81
444,leshukonskoye,RU,64.9,64.9,1535220064,70,0,7.52,59.98
445,te anau,NZ,-45.41,-45.41,1535220065,87,44,8.97,41.8
446,kadhan,PK,24.48,24.48,1535220065,73,64,11.99,81.31
447,yeppoon,AU,-23.13,-23.13,1535218200,82,90,4.7,62.6
448,namatanai,PG,-3.66,-3.66,1535220066,100,32,1.48,81.22
449,nyurba,RU,63.29,63.29,1535220067,95,92,3.71,52.78
450,dothan,US,31.22,31.22,1535218500,63,75,8.05,87.08
451,weligama,LK,5.97,5.97,1535220067,88,56,12.1,79.24
452,zhicheng,CN,35.04,35.04,1535220068,85,0,2.37,71.41
453,waingapu,ID,-9.65,-9.65,1535220068,96,0,3.6,65.74
454,corsicana,US,32.09,32.09,1535217300,54,1,13.87,90.5
455,port augusta,AU,-32.49,-32.49,1535216400,87,0,5.82,42.8
456,thinadhoo,MV,0.53,0.53,1535219504,100,0,5.17,82.39
457,traralgon,AU,-38.19,-38.19,1535220070,89,0,2.37,34.33
458,palembang,ID,-2.99,-2.99,1535216400,100,40,4.7,77.0
459,saveh,IR,35.02,35.02,1535219980,51,0,2.48,68.98
460,altay,CN,47.83,47.83,1535220072,83,36,3.38,43.06
461,tezu,IN,27.93,27.93,1535220072,95,80,1.14,69.88
462,wageningen,NL,51.98,51.98,1535217900,82,80,4.7,59.0
463,igarka,RU,67.47,67.47,1535220073,81,64,6.96,53.5
464,olga,US,34.11,34.11,1535218800,61,75,3.36,77.0
465,emerald,AU,-23.53,-23.53,1535220075,97,100,6.06,59.62
466,ulladulla,AU,-35.36,-35.36,1535216400,100,40,8.05,48.2
467,ust-charyshskaya pristan,RU,52.39,52.39,1535220076,98,8,6.62,57.1
468,lasa,CY,34.92,34.92,1535218200,74,40,10.29,80.6
469,ko samui,TH,9.54,9.54,1535220077,98,92,12.1,83.83
470,golden,CA,51.3,51.3,1535216400,66,90,5.82,51.8
471,dudinka,RU,69.41,69.41,1535220078,97,100,4.94,55.48
472,sawtell,AU,-30.38,-30.38,1535218200,77,90,11.41,59.0
473,sisimiut,GL,66.94,66.94,1535220079,70,48,3.15,44.86
474,teya,MX,21.05,21.05,1535215560,55,75,6.93,89.6
475,gambela,ET,8.25,8.25,1535220081,93,0,2.48,63.04
476,uaua,BR,-9.84,-9.84,1535220081,32,0,13.11,89.95
477,jacqueville,CI,5.21,5.21,1535218200,94,75,5.82,75.2
478,cimarron hills,US,38.86,38.86,1535218500,19,40,7.07,82.58
479,palencia,ES,42.01,42.01,1535218200,27,0,6.93,75.2
480,nizhniy kuranakh,RU,58.84,58.84,1535220083,90,100,2.37,53.14
481,camacha,PT,33.08,33.08,1535218200,73,20,13.87,77.0
482,rio grande,BR,-32.03,-32.03,1535216400,58,75,13.87,55.4
483,carutapera,BR,-1.2,-1.2,1535220084,69,24,13.44,85.45
484,quatre cocos,MU,-20.21,-20.21,1535216400,69,75,12.75,73.4
485,zeya,RU,53.74,53.74,1535220085,84,20,2.15,58.72
486,tabat,ID,-2.64,-2.64,1535220086,91,88,0.47,76.36
487,yaan,NG,7.38,7.38,1535220086,90,80,3.38,76.63
488,bismarck,US,46.81,46.81,1535219700,55,20,9.17,69.98
489,kloulklubed,PW,7.04,7.04,1535219400,94,90,10.09,75.2
490,kavieng,PG,-2.57,-2.57,1535220087,100,44,3.15,81.85
491,aloleng,PH,16.13,16.13,1535220087,100,92,11.21,74.92
492,bunia,CD,1.56,1.56,1535220088,92,20,3.38,65.2
493,dire dawa,ET,9.59,9.59,1535220088,85,64,3.6,64.48
494,davila,PH,18.47,18.47,1535220088,100,88,24.63,78.7
495,verkh-usugli,RU,52.7,52.7,1535220089,85,36,3.49,57.37
496,bud,NO,62.91,62.91,1535217600,81,75,13.87,53.6
497,corinto,BR,-18.36,-18.36,1535220089,41,8,4.72,86.53
498,port lincoln,AU,-34.72,-34.72,1535219973,100,0,3.71,46.93
499,akdepe,TM,42.05,42.05,1535216400,37,0,9.17,71.6
500,changde,CN,29.04,29.04,1535220090,72,0,7.63,74.65
501,teknaf,BD,20.86,20.86,1535219503,100,88,4.05,76.36
502,flinders,AU,-34.58,-34.58,1535216400,100,40,8.05,48.2
503,kapuskasing,CA,49.42,49.42,1535216400,77,90,10.29,66.2
504,marsabit,KE,2.34,2.34,1535220091,52,32,5.73,77.35
505,naze,NG,5.43,5.43,1535216400,69,40,8.05,82.4
506,chico,US,39.73,39.73,1535216040,43,5,2.59,73.04
507,saanen,CH,46.49,46.49,1535217600,59,75,16.11,60.8
508,simitli,BG,41.89,41.89,1535220093,74,12,1.7,61.78
509,gobabis,NA,-22.45,-22.45,1535220093,23,0,9.64,66.82
510,ilebo,CD,-4.33,-4.33,1535220094,95,36,1.7,74.65
511,santa fe,AR,-31.62,-31.62,1535219820,56,0,5.73,59.53
512,hay river,CA,60.82,60.82,1535216400,62,20,12.75,51.8
513,portland,US,45.52,45.52,1535217960,75,90,3.04,60.98
514,kazanka,UA,47.83,47.83,1535218200,26,0,6.71,78.8
515,bathsheba,BB,13.22,13.22,1535216400,62,40,16.11,86.0
516,canakkale,TR,40.15,40.15,1535215800,48,20,8.05,84.2
517,kassala,SD,15.45,15.45,1535220089,70,44,3.71,78.52
518,maxixe,MZ,-23.86,-23.86,1535216400,78,0,9.75,73.4
519,charters towers,AU,-20.07,-20.07,1535220096,95,76,3.04,61.78
520,abu samrah,SY,35.3,35.3,1535220097,28,0,10.54,82.48
521,krasnyy yar,RU,50.7,50.7,1535219513,62,0,4.16,59.44
522,taiyuan,CN,37.86,37.86,1535218200,83,48,2.24,71.6
